modelo,fold,MAE,MSE,RMSE,R2,MedAE
regresion_lineal,1,8.634465000284237,135.192382118217,11.627225899509178,0.07833372061512855,7.255943391226584
regresion_lineal,2,10.505392311679909,152.9329413083176,12.366605892819484,0.3093071620879382,9.222659870767252
regresion_lineal,3,10.434642084665708,147.189722934885,12.132177172086013,0.5020502312621111,10.304314976790174
regresion_lineal,4,8.608651696835945,107.58654852285419,10.372393577321205,0.28105694731734276,8.183429652762513
regresion_lineal,5,10.061642649976354,158.2249850563724,12.578751331367211,0.3759367146702993,7.1178066684544845
arbol_regresion,1,8.537027797619047,124.11559184704207,11.140717743800984,0.15384910037841382,9.038045499999996
arbol_regresion,2,11.05650460204082,170.35609383065594,13.052053241948407,0.23061877384352747,10.568056714285728
arbol_regresion,3,10.184425045578232,193.72120282530517,13.918376443583682,0.34463204208108567,8.446981071428567
arbol_regresion,4,9.74656937057387,128.00703064320618,11.314019208186195,0.1445978457435172,9.77601275
arbol_regresion,5,9.387686447115385,136.33394301090678,11.676212699797258,0.46227829728012926,9.186665000000005
svr_rbf,1,7.925420166253354,118.80529759175991,10.899784291065576,0.1900517256448656,6.428110225793883
svr_rbf,2,11.61733044380229,183.44762950313526,13.544284015891547,0.17149331762136322,11.082753588274041
svr_rbf,3,13.129236461361703,275.3831343441201,16.594671866117753,0.06836587958227935,9.974177123365827
svr_rbf,4,10.340701862803886,146.5561518429349,12.10603782593359,0.020644042939993668,9.951985163759808
svr_rbf,5,11.170686582124821,206.3897076083347,14.366269787538263,0.18596776013342808,10.561093395724903
mlp_regressor,1,14.329468251223002,238.9659656979127,15.45852404655479,-0.6291367091365871,13.569994650398382
mlp_regressor,2,18.819834597953868,616.7263571083158,24.83397586187753,-1.7853284855585465,15.000419344503467
mlp_regressor,3,17.778997933615578,474.6765796385475,21.78707368231327,-0.605853237191512,14.629777088960317
mlp_regressor,4,22.044135935614523,777.8503548822775,27.889968714257776,-4.197955658467452,20.004647418629126
mlp_regressor,5,9.36548811308813,125.34748442093003,11.195869078411468,0.5056105525453571,6.128212253583413
