modelo,fold,Accuracy,Precision,Recall,F1-score,Balanced Accuracy,ROC-AUC
regresion_logistica,1,0.8394495412844036,0.391304347826087,0.3,0.33962264150943394,0.6127659574468085,0.8503546099290781
regresion_logistica,2,0.8715596330275229,0.5555555555555556,0.3333333333333333,0.4166666666666667,0.6453900709219859,0.8781914893617022
regresion_logistica,3,0.8940092165898618,0.75,0.3103448275862069,0.43902439024390244,0.6471936903888481,0.8303374908290535
regresion_logistica,4,0.8940092165898618,0.7142857142857143,0.3448275862068966,0.46511627906976744,0.6617754952311079,0.9035216434336024
regresion_logistica,5,0.8525345622119815,0.36363636363636365,0.13793103448275862,0.2,0.5503484959647835,0.8044754218635364
arbol_decision,1,0.8669724770642202,0.5333333333333333,0.26666666666666666,0.35555555555555557,0.6147163120567376,0.8373226950354609
arbol_decision,2,0.8761467889908257,0.5483870967741935,0.5666666666666667,0.5573770491803278,0.7460992907801418,0.7749999999999999
arbol_decision,3,0.8709677419354839,0.5294117647058824,0.3103448275862069,0.391304347826087,0.6338958180484227,0.7642149669845928
arbol_decision,4,0.8525345622119815,0.4482758620689655,0.4482758620689655,0.4482758620689655,0.6815847395451211,0.7064380044020543
arbol_decision,5,0.8294930875576036,0.3333333333333333,0.27586206896551724,0.3018867924528302,0.5953778429933969,0.6673697725605282
svc_rbf,1,0.8899082568807339,0.75,0.3,0.42857142857142855,0.6420212765957447,0.8345744680851064
svc_rbf,2,0.8669724770642202,0.5555555555555556,0.16666666666666666,0.2564102564102564,0.5726950354609929,0.8476950354609929
svc_rbf,3,0.880184331797235,0.6666666666666666,0.20689655172413793,0.3157894736842105,0.5954695524578136,0.8406089508437271
svc_rbf,4,0.8755760368663594,0.625,0.1724137931034483,0.2702702702702703,0.5782281731474688,0.8297872340425532
svc_rbf,5,0.8525345622119815,0.38461538461538464,0.1724137931034483,0.23809523809523808,0.5649303008070433,0.7151504035216434
mlp_classifier,1,0.8486238532110092,0.45161290322580644,0.4666666666666667,0.45901639344262296,0.6881205673758866,0.7813829787234043
mlp_classifier,2,0.8440366972477065,0.4230769230769231,0.36666666666666664,0.39285714285714285,0.6434397163120568,0.7757092198581561
mlp_classifier,3,0.8571428571428571,0.4666666666666667,0.4827586206896552,0.4745762711864407,0.6988261188554659,0.7887013939838592
mlp_classifier,4,0.8755760368663594,0.5384615384615384,0.4827586206896552,0.509090909090909,0.7094644167278064,0.7896184886280264
mlp_classifier,5,0.8387096774193549,0.38461538461538464,0.3448275862068966,0.36363636363636365,0.6298606016140866,0.7736610418195158
